{
    "root_group": {
        "groups": {},
        "checks": {
                "is status 200": {
                    "path": "::is status 200",
                    "id": "548d37ca5f33793206f7832e7cea54fb",
                    "passes": 980848,
                    "fails": 11771,
                    "name": "is status 200"
                },
                "record is saved": {
                    "name": "record is saved",
                    "path": "::record is saved",
                    "id": "98999da3762d56342c135bee27c369eb",
                    "passes": 980848,
                    "fails": 11771
                }
            },
        "name": "",
        "path": "",
        "id": "d41d8cd98f00b204e9800998ecf8427e"
    },
    "metrics": {
        "vus": {
            "value": 7500,
            "min": 7500,
            "max": 7500
        },
        "http_req_duration": {
            "avg": 1232.0117920084158,
            "min": 0,
            "med": 15.999,
            "max": 73700.0963,
            "p(90)": 1690.709760000002,
            "p(95)": 3394.142299999994
        },
        "http_reqs": {
            "count": 992619,
            "rate": 4790.247230196798
        },
        "iteration_duration": {
            "avg": 1343.1633494191335,
            "min": 1.3672,
            "med": 16.005,
            "max": 83041.8226,
            "p(90)": 1881.1860800000013,
            "p(95)": 3927.087719999996
        },
        "http_req_blocked": {
            "p(95)": 0,
            "avg": 11.034380726744208,
            "min": 0,
            "med": 0,
            "max": 16026.7944,
            "p(90)": 0
        },
        "checks": {
            "passes": 1961696,
            "fails": 23542,
            "value": 0.9881414722063551
        },
        "data_sent": {
            "rate": 1154517.5162065425,
            "count": 239235256
        },
        "http_req_waiting": {
            "med": 15.9958,
            "max": 73700.0963,
            "p(90)": 1688.825780000006,
            "p(95)": 3393.3920099999955,
            "avg": 1231.026898092336,
            "min": 0
        },
        "http_req_sending": {
            "avg": 0.8752421267374423,
            "min": 0,
            "med": 0,
            "max": 6031.4562,
            "p(90)": 0,
            "p(95)": 0.5112
        },
        "vus_max": {
            "value": 7500,
            "min": 7500,
            "max": 7500
        },
        "http_req_connecting": {
            "min": 0,
            "med": 0,
            "max": 16026.7944,
            "p(90)": 0,
            "p(95)": 0,
            "avg": 10.924067960415876
        },
        "http_req_receiving": {
            "avg": 0.10965178935724468,
            "min": 0,
            "med": 0,
            "max": 3763.7334,
            "p(90)": 0,
            "p(95)": 0.9777
        },
        "http_req_tls_handshaking": {
            "p(90)": 0,
            "p(95)": 0,
            "avg": 0,
            "min": 0,
            "med": 0,
            "max": 0
        },
        "http_req_failed": {
            "passes": 11771,
            "fails": 980848,
            "value": 0.011858527793644894
        },
        "http_req_duration{expected_response:true}": {
            "med": 15.9986,
            "max": 61372.8835,
            "p(90)": 1522.8573800000001,
            "p(95)": 3120.293,
            "avg": 742.8356557341416,
            "min": 0.9958
        },
        "data_received": {
            "count": 415756896,
            "rate": 2006387.465381197
        },
        "iterations": {
            "count": 992619,
            "rate": 4790.247230196798
        },
        "dropped_iterations": {
            "count": 356579,
            "rate": 1720.802812656562
        }
    }
}