{
    "root_group": {
        "name": "",
        "path": "",
        "id": "d41d8cd98f00b204e9800998ecf8427e",
        "groups": {},
        "checks": {
                "is status 200": {
                    "name": "is status 200",
                    "path": "::is status 200",
                    "id": "548d37ca5f33793206f7832e7cea54fb",
                    "passes": 82972,
                    "fails": 136
                },
                "record is saved": {
                    "passes": 82972,
                    "fails": 136,
                    "name": "record is saved",
                    "path": "::record is saved",
                    "id": "98999da3762d56342c135bee27c369eb"
                }
            }
    },
    "metrics": {
        "checks": {
            "fails": 272,
            "passes": 165944,
            "value": 0.9983635751070896
        },
        "http_reqs": {
            "count": 83108,
            "rate": 4996.2087496772065
        },
        "http_req_duration": {
            "avg": 60.28680735346773,
            "min": 0,
            "med": 2.8210375,
            "max": 7653.449524,
            "p(90)": 23.5312467,
            "p(95)": 40.180493599999984
        },
        "http_req_sending": {
            "max": 23.179041,
            "p(90)": 0.08983590000000001,
            "p(95)": 0.12554929999999986,
            "avg": 0.08185992478461755,
            "min": 0,
            "med": 0.0207495
        },
        "http_req_blocked": {
            "p(90)": 0.005953,
            "p(95)": 0.26846454999999997,
            "avg": 0.3741619099244399,
            "min": 0,
            "med": 0.003007,
            "max": 84.465191
        },
        "http_req_tls_handshaking": {
            "avg": 0,
            "min": 0,
            "med": 0,
            "max": 0,
            "p(90)": 0,
            "p(95)": 0
        },
        "iterations": {
            "count": 83108,
            "rate": 4996.2087496772065
        },
        "data_received": {
            "rate": 1994701.1748276292,
            "count": 33180284
        },
        "vus_max": {
            "value": 5000,
            "min": 5000,
            "max": 5000
        },
        "http_req_receiving": {
            "med": 0.038701,
            "max": 254.849549,
            "p(90)": 0.056681300000000004,
            "p(95)": 0.0635953,
            "avg": 0.0471789597150693,
            "min": 0
        },
        "http_req_duration{expected_response:true}": {
            "avg": 60.385623891577836,
            "min": 1.72521,
            "med": 2.8228340000000003,
            "max": 7653.449524,
            "p(90)": 23.555646600000014,
            "p(95)": 40.1978655
        },
        "vus": {
            "value": 5000,
            "min": 5000,
            "max": 5000
        },
        "http_req_failed": {
            "passes": 136,
            "fails": 82972,
            "value": 0.0016364248929104299
        },
        "data_sent": {
            "count": 20322734,
            "rate": 1221743.0503460853
        },
        "iteration_duration": {
            "p(95)": 42.32835274999995,
            "avg": 60.96300650632873,
            "min": 0.287219,
            "med": 3.0890155000000004,
            "max": 7717.470545,
            "p(90)": 23.8477628
        },
        "http_req_connecting": {
            "max": 52.929614,
            "p(90)": 0,
            "p(95)": 0.20616739999999992,
            "avg": 0.2394202465225971,
            "min": 0,
            "med": 0
        },
        "http_req_waiting": {
            "p(90)": 23.442353100000005,
            "p(95)": 39.46681704999999,
            "avg": 60.15776846896768,
            "min": 0,
            "med": 2.7380075,
            "max": 7652.06604
        }
    }
}